<Ticker>,<DTYYYYMMDD>,<Open>,<High>,<Low>,<Close>,<Volume>
MWG,20190906,116.20,117.40,115.20,117.00,446190
MWG,20190905,118.00,118.00,115.00,116.20,873420
MWG,20190904,117.30,118.40,117.20,117.90,478350
MWG,20190903,117.30,118.30,117.00,117.60,672220
MWG,20190830,115.00,117.20,115.00,116.90,646070
MWG,20190829,113.80,115.00,113.10,115.00,339460
MWG,20190828,114.00,114.00,112.30,113.80,598140
MWG,20190827,117.30,117.50,111.50,114.00,1894440
MWG,20190826,115.20,117.90,115.20,116.40,1035590
MWG,20190823,117.50,118.00,115.00,116.50,1033040
MWG,20190822,120.50,120.50,117.50,117.50,1036330
MWG,20190821,120.00,121.90,119.30,120.30,817580
MWG,20190820,118.20,120.00,118.00,120.00,539450
MWG,20190819,117.80,118.80,115.30,117.90,1147930
MWG,20190816,120.80,122.40,117.30,117.30,1469190
MWG,20190815,117.80,120.00,116.80,120.00,926680
MWG,20190814,118.60,119.50,118.20,118.90,726650
MWG,20190813,116.50,118.40,115.00,117.80,911770
MWG,20190812,115.90,118.00,114.60,117.00,714330
MWG,20190809,113.40,115.90,112.90,115.90,673570
MWG,20190808,114.50,115.00,112.70,113.00,862840
MWG,20190807,106.90,114.20,110.00,114.00,1280730
MWG,20190806,106.90,110.80,106.90,110.00,990630
MWG,20190805,108.00,111.40,107.70,109.50,1309220
MWG,20190802,107.50,108.50,107.00,108.00,799720
MWG,20190801,106.30,108.50,105.60,108.50,875760
MWG,20190731,103.20,107.00,103.20,106.80,684050
MWG,20190730,105.50,107.00,103.70,103.70,1014250
MWG,20190729,107.20,107.20,103.90,106.00,1919130
MWG,20190726,108.00,108.50,105.80,106.70,1174450
MWG,20190725,107.40,108.50,106.50,107.90,918260
MWG,20190724,109.00,109.70,107.40,107.40,778010
MWG,20190723,106.50,108.90,106.30,108.90,897670
MWG,20190722,106.00,107.50,105.20,106.50,859840
MWG,20190719,104.50,106.00,104.00,105.90,1097520
MWG,20190718,101.50,103.90,100.90,103.90,1109730
MWG,20190717,102.20,102.60,101.50,101.60,598590
MWG,20190716,101.20,102.70,101.00,102.20,716650
MWG,20190715,98.00,102.00,98.10,101.20,1558100
MWG,20190712,98.00,99.20,97.10,98.10,708120
MWG,20190711,98.50,99.30,98.00,98.00,703060
MWG,20190710,97.30,99.50,97.30,98.40,1046150
MWG,20190709,94.60,97.00,93.90,97.00,962970
MWG,20190708,95.00,95.30,94.10,94.30,716580
MWG,20190705,95.20,95.70,94.90,95.40,618980
MWG,20190704,95.10,96.60,95.40,95.50,648430
MWG,20190703,95.10,96.00,95.00,95.60,855880
MWG,20190702,95.50,95.80,94.40,95.50,1129010
MWG,20190701,94.70,94.80,93.30,94.70,938140
MWG,20190628,92.80,92.80,90.80,92.80,714920
MWG,20190627,92.10,92.80,90.80,91.00,761170
MWG,20190626,92.80,93.30,91.20,92.80,761460
MWG,20190625,91.40,91.80,90.60,91.80,489060
MWG,20190624,91.90,92.50,90.70,91.40,774060
MWG,20190621,90.80,91.90,90.80,91.00,516880
MWG,20190620,89.00,91.60,88.80,90.70,1146920
MWG,20190619,88.60,89.50,88.40,88.60,378510
MWG,20190618,87.90,88.40,87.70,88.30,409820
MWG,20190617,89.00,89.20,87.50,87.80,767010
MWG,20190614,89.80,89.80,88.90,89.10,645930
MWG,20190613,90.80,90.80,89.20,89.40,762860
MWG,20190612,90.00,91.00,89.50,90.70,948660
MWG,20190611,89.00,90.50,88.90,89.60,1050580
MWG,20190610,88.40,89.50,88.30,88.60,726010
MWG,20190607,86.70,88.30,86.70,88.30,656210
MWG,20190606,87.00,87.00,86.00,86.50,383430
MWG,20190605,86.60,87.30,86.50,86.60,290690
MWG,20190604,85.40,86.00,84.60,86.00,224080
MWG,20190603,86.00,86.00,84.10,85.00,549540
MWG,20190531,87.60,87.70,86.00,86.10,626570
MWG,20190530,87.50,88.00,87.10,87.60,394320
MWG,20190529,88.20,88.50,87.40,87.50,910660
MWG,20190528,87.50,88.40,87.50,88.20,511870
MWG,20190527,88.50,88.80,87.30,87.70,539410
MWG,20190524,87.20,89.30,86.90,88.70,1173580
MWG,20190523,88.00,88.00,87.00,87.60,575790
MWG,20190522,87.00,87.99,86.71,87.00,673140
MWG,20190521,86.91,87.60,86.42,86.71,943500
MWG,20190520,85.24,87.10,85.24,86.81,899010
MWG,20190517,84.55,85.53,84.55,85.04,298530
MWG,20190516,85.53,85.92,84.55,84.55,341020
MWG,20190515,84.44,85.82,84.34,85.53,772070
MWG,20190514,83.56,84.25,83.17,84.05,511320
MWG,20190513,83.46,83.95,82.58,83.76,266140
MWG,20190510,82.68,83.66,82.58,83.56,343700
MWG,20190509,81.99,83.07,81.89,82.68,381100
MWG,20190508,81.60,82.48,81.10,82.09,339560
MWG,20190507,82.67,83.07,82.09,82.48,292510
MWG,20190506,83.57,83.57,82.09,82.38,406200
MWG,20190503,84.55,84.55,83.67,84.45,383610
MWG,20190502,83.85,84.93,83.85,84.55,558270
MWG,20190426,82.09,83.56,81.89,83.46,729640
MWG,20190425,81.89,82.58,81.60,82.09,273010
MWG,20190424,81.40,81.99,81.30,81.60,318360
MWG,20190423,81.60,81.80,81.01,81.40,205300
MWG,20190422,81.20,81.99,81.10,81.60,359660
MWG,20190419,80.12,80.90,80.02,80.81,242750
MWG,20190418,80.42,80.62,79.24,80.02,378380
MWG,20190417,80.32,80.71,80.03,80.42,343330
MWG,20190416,80.41,80.81,80.02,80.32,454000
MWG,20190412,81.10,81.39,80.51,81.10,349720
MWG,20190411,81.11,81.69,80.81,81.10,222580
MWG,20190410,81.99,82.18,80.81,81.40,401860
MWG,20190409,82.58,82.68,81.79,82.28,275970
MWG,20190408,83.07,83.07,82.09,82.58,186580
MWG,20190405,81.21,82.88,81.21,82.68,354560
MWG,20190404,82.38,82.87,81.99,82.09,317500
MWG,20190403,83.07,83.07,82.29,82.38,235540
MWG,20190402,83.47,83.66,82.68,82.68,287660
MWG,20190401,83.37,83.66,82.58,82.68,484640
MWG,20190329,83.17,83.76,83.07,83.37,285550
MWG,20190328,83.07,83.26,82.68,82.97,352840
MWG,20190327,83.07,83.47,82.97,82.97,207810
MWG,20190326,83.56,83.76,82.48,82.68,588520
MWG,20190325,85.04,85.04,82.39,82.38,1163400
MWG,20190322,86.41,86.61,85.53,85.73,671770
MWG,20190321,87.00,87.59,86.41,86.41,706020
MWG,20190320,87.00,87.79,86.51,87.00,431600
MWG,20190319,87.79,89.46,87.40,87.59,1161490
MWG,20190318,87.10,87.79,87.00,87.69,722860
MWG,20190315,87.50,87.79,86.81,87.10,456820
MWG,20190314,87.99,87.99,87.01,87.50,530270
MWG,20190313,87.00,88.47,87.00,87.89,1079120
MWG,20190312,86.51,87.00,86.31,87.00,667370
MWG,20190311,85.83,86.42,85.43,85.92,358070
MWG,20190308,85.53,85.93,84.94,85.14,830580
MWG,20190307,87.00,87.00,86.12,86.22,458460
MWG,20190306,86.52,86.81,85.83,86.61,536430
MWG,20190305,87.50,88.48,86.32,86.32,706580
MWG,20190304,87.00,87.89,85.82,87.50,769420
MWG,20190301,86.12,86.41,85.53,86.02,431190
MWG,20190228,86.71,87.20,85.33,85.33,1160450
MWG,20190227,87.39,87.88,86.31,86.71,575710
MWG,20190226,88.28,88.28,86.70,87.00,797730
MWG,20190225,88.48,89.66,87.99,88.08,1273860
MWG,20190222,86.21,88.18,85.62,87.50,1190030
MWG,20190221,85.63,86.42,85.63,86.41,781820
MWG,20190220,85.53,86.12,85.43,85.63,592890
MWG,20190219,84.64,86.21,84.64,85.53,1911250
MWG,20190218,85.03,85.13,84.44,84.64,455150
MWG,20190215,84.25,84.84,83.86,84.64,717740
MWG,20190214,84.74,84.94,84.05,84.25,668840
MWG,20190213,83.17,84.74,83.17,84.74,1212540
MWG,20190212,83.17,83.86,83.17,83.17,343450
MWG,20190211,82.09,83.17,82.09,83.17,355460
MWG,20190201,82.29,82.78,81.50,81.60,420360
MWG,20190131,82.58,83.07,81.60,81.60,206030
MWG,20190130,83.07,83.36,82.18,82.19,263110
MWG,20190129,82.19,84.06,81.50,84.05,461840
MWG,20190128,81.79,82.77,81.79,82.19,270250
MWG,20190125,82.19,82.48,81.80,81.79,223510
MWG,20190124,82.19,82.48,81.90,82.19,147770
MWG,20190123,82.38,82.58,82.09,82.19,176570
MWG,20190122,82.38,83.07,82.28,82.38,141590
MWG,20190121,82.97,83.17,82.09,82.28,440920
MWG,20190118,83.76,84.06,82.98,82.97,195210
MWG,20190117,84.55,84.55,83.76,83.86,457130
MWG,20190116,84.05,85.33,83.86,83.86,1761330
MWG,20190115,83.56,84.25,82.87,84.25,871010
MWG,20190114,83.56,83.56,82.58,83.56,454580
MWG,20190111,84.55,84.55,83.57,83.56,360780
MWG,20190110,83.96,84.55,83.27,84.55,285290
MWG,20190109,82.58,84.25,82.58,83.96,440950
MWG,20190108,83.56,83.56,82.58,82.58,172180
MWG,20190107,82.58,84.06,82.39,83.56,398000
MWG,20190104,81.60,82.29,80.62,82.19,432170
MWG,20190103,84.05,84.25,81.59,81.60,703060
MWG,20190102,85.53,85.53,84.06,84.05,351730
MWG,20181228,84.94,85.53,83.17,85.53,1051360
MWG,20181227,85.43,85.53,84.25,84.94,662910
MWG,20181226,84.35,84.84,83.76,83.96,342390
MWG,20181225,83.57,84.84,82.68,83.96,554610
MWG,20181224,85.53,86.02,85.04,85.04,318090
MWG,20181221,83.56,85.92,82.48,85.53,926110
MWG,20181220,83.56,84.35,83.27,84.05,342770
MWG,20181219,84.06,84.45,83.17,84.35,370690
MWG,20181218,81.59,83.85,81.59,83.86,771090
MWG,20181217,85.53,86.02,83.56,83.56,944150
MWG,20181214,87.30,87.30,86.32,86.41,666410
MWG,20181213,88.58,88.58,87.30,87.50,442940
MWG,20181212,86.52,88.88,86.52,87.99,483230
MWG,20181211,86.51,86.90,86.02,86.32,362460
MWG,20181210,87.10,87.10,86.22,86.51,381370
MWG,20181207,86.41,87.49,86.41,87.10,498460
MWG,20181206,86.51,87.99,86.02,86.41,485380
MWG,20181205,85.82,87.79,85.43,87.30,391320
MWG,20181204,87.00,87.20,86.22,86.51,350360
MWG,20181203,84.05,86.51,83.56,86.51,881770
MWG,20181130,83.17,83.66,82.58,83.07,319650
MWG,20181129,83.56,84.05,83.07,83.56,301730
MWG,20181128,83.07,83.46,82.77,83.17,177110
MWG,20181127,84.05,84.25,82.87,82.97,170510
MWG,20181126,82.58,84.15,82.58,83.56,243680
MWG,20181123,84.35,84.55,82.58,82.58,275770
MWG,20181122,84.35,84.94,84.16,84.35,284960
MWG,20181121,81.79,83.56,81.79,83.37,342490
MWG,20181120,83.27,83.27,82.39,82.87,205300
MWG,20181119,80.84,83.30,80.84,83.27,674870
MWG,20181116,79.66,81.13,78.92,79.07,631250
MWG,20181115,79.66,80.62,78.92,78.92,292820
MWG,20181114,79.58,80.54,79.13,79.14,158520
MWG,20181113,79.80,80.39,79.29,79.43,317270
MWG,20181112,78.18,81.50,78.18,81.13,304040
MWG,20181109,81.13,82.61,78.18,78.18,477280
MWG,20181108,81.87,82.61,79.88,81.13,604530
MWG,20181107,82.97,83.64,81.86,82.61,643430
MWG,20181106,82.97,82.97,81.50,82.16,218730
MWG,20181105,82.17,82.54,80.77,82.16,293080
MWG,20181102,83.27,83.71,81.87,82.98,504810
MWG,20181101,83.35,83.72,81.13,81.50,499610
MWG,20181031,79.73,83.19,79.73,83.20,383980
MWG,20181030,77.44,80.10,77.22,78.99,580920
MWG,20181029,79.66,80.69,77.15,77.22,941930
MWG,20181026,84.82,84.96,79.65,79.66,849040
MWG,20181025,81.50,85.19,81.50,83.34,590330
MWG,20181024,88.14,89.32,85.93,85.93,508800
MWG,20181023,91.45,91.45,87.03,88.14,832020
MWG,20181022,92.93,93.23,91.97,91.97,271340
MWG,20181019,92.56,93.15,91.75,92.27,467910
MWG,20181018,94.63,94.78,93.16,93.30,389170
MWG,20181017,94.40,95.51,94.11,94.41,360430
MWG,20181016,92.19,93.96,92.19,93.96,298340
MWG,20181015,94.11,94.11,92.20,92.56,803450
MWG,20181012,91.53,94.04,91.53,94.04,617790
MWG,20181011,95.14,95.14,91.83,91.83,1579640
MWG,20181010,95.88,96.62,95.36,96.62,576480
MWG,20181009,94.48,96.33,94.48,95.51,823360
MWG,20181008,93.30,95.14,93.15,94.41,660700
MWG,20181005,95.14,95.88,93.30,93.30,605250
MWG,20181004,94.63,95.88,94.63,95.07,467720
MWG,20181003,93.60,94.48,93.45,94.48,473490
MWG,20181002,93.67,94.63,93.45,93.67,486880
MWG,20181001,93.67,94.34,93.38,93.67,489970
MWG,20180928,94.78,95.81,93.82,93.82,642710
MWG,20180927,92.41,94.40,91.60,94.41,770310
MWG,20180926,92.93,93.52,92.19,92.19,650080
MWG,20180925,93.45,93.45,92.56,93.15,498320
MWG,20180924,92.93,94.04,92.93,93.45,572820
MWG,20180921,89.91,92.93,89.61,92.93,1257670
MWG,20180920,89.91,90.35,89.32,89.61,323370
MWG,20180919,90.72,90.72,89.09,89.91,368460
MWG,20180918,88.44,89.99,87.77,89.98,327290
MWG,20180917,89.61,89.98,88.50,88.88,409860
MWG,20180914,89.98,90.57,89.68,89.98,261860
MWG,20180913,89.24,90.72,89.10,89.61,662640
MWG,20180912,89.25,90.21,89.10,89.17,699630
MWG,20180911,87.18,88.88,86.59,88.88,688570
MWG,20180910,86.52,87.33,86.30,86.59,364420
MWG,20180907,85.63,86.96,85.63,86.52,285090
MWG,20180906,86.59,86.81,85.78,85.85,535920
MWG,20180905,87.33,87.77,85.56,85.78,749310
MWG,20180904,88.51,89.17,87.33,87.33,698900
MWG,20180831,91.24,91.24,88.51,88.51,722760
MWG,20180830,90.20,91.01,89.98,90.72,459170
MWG,20180829,90.72,91.09,90.06,90.20,241030
MWG,20180828,91.45,91.45,90.20,90.72,628850
MWG,20180827,89.46,91.53,89.09,91.01,709210
MWG,20180824,89.54,89.84,88.51,89.24,569900
MWG,20180823,89.76,89.98,89.10,89.91,461070
MWG,20180822,90.35,90.35,89.02,89.76,423640
MWG,20180821,89.24,90.35,89.09,89.98,612430
MWG,20180820,87.41,89.47,87.11,89.24,812330
MWG,20180817,88.14,88.88,87.11,87.11,647260
MWG,20180816,84.97,87.70,84.90,87.70,801100
MWG,20180815,87.03,88.21,85.41,85.56,785450
MWG,20180814,84.82,86.96,84.82,86.81,1034100
MWG,20180813,84.81,84.81,83.86,84.23,422090
MWG,20180810,84.38,85.49,84.01,85.11,684860
MWG,20180809,84.08,84.97,83.79,84.38,431240
MWG,20180808,81.87,84.38,81.87,84.01,340650
MWG,20180807,81.87,82.68,81.13,81.87,435930
MWG,20180806,82.98,83.35,81.87,81.87,363260
MWG,20180803,84.08,84.96,82.97,82.98,447190
MWG,20180802,83.27,83.94,82.31,83.93,613430
MWG,20180801,86.67,86.74,83.72,83.79,627780
MWG,20180731,85.93,86.67,85.19,86.15,568610
MWG,20180730,84.00,85.55,84.00,85.56,596030
MWG,20180727,81.13,84.08,81.13,83.93,701950
MWG,20180726,81.50,82.53,79.66,81.13,435230
MWG,20180725,82.90,83.79,81.50,81.50,499320
MWG,20180724,83.57,84.60,81.94,82.90,511920
MWG,20180723,83.34,85.92,83.27,84.01,763720
MWG,20180720,84.08,84.08,81.94,83.71,928360
MWG,20180719,83.93,85.55,82.60,85.04,862370
MWG,20180718,82.61,83.94,82.17,83.34,460950
MWG,20180717,78.92,82.61,77.96,82.61,824160
MWG,20180716,78.47,80.24,78.18,79.07,401950
MWG,20180713,77.00,78.11,76.04,77.44,325760
MWG,20180712,73.90,77.44,73.90,75.23,286890
MWG,20180711,75.23,76.71,73.76,74.49,488530
MWG,20180710,77.14,78.55,76.70,77.37,301970
MWG,20180709,78.92,80.03,76.71,77.44,328540
MWG,20180706,75.23,79.66,73.98,78.55,567910
MWG,20180705,77.07,77.44,73.75,75.01,558520
MWG,20180704,75.08,77.08,73.46,77.07,779570
MWG,20180703,78.99,80.03,73.83,73.83,1075280
MWG,20180702,83.34,83.34,78.92,78.92,1026590
MWG,20180629,84.82,85.93,84.08,84.08,491140
MWG,20180628,86.00,86.96,84.15,84.60,638030
MWG,20180627,88.51,90.13,87.03,87.03,817170
MWG,20180626,87.99,89.10,86.88,88.51,441230
MWG,20180625,88.51,90.65,88.51,89.17,705100
MWG,20180622,84.08,86.22,82.83,86.22,476580
MWG,20180621,86.07,86.66,84.08,84.08,516060
MWG,20180620,84.89,86.22,84.08,85.41,411110
MWG,20180619,85.19,86.59,80.98,84.82,1911210
MWG,20180618,91.38,92.56,87.03,87.03,1070590
MWG,20180615,90.72,91.97,89.39,91.31,481440
MWG,20180614,89.98,92.93,89.98,90.72,790730
MWG,20180613,89.24,90.57,88.58,90.42,697380
MWG,20180612,88.73,89.61,86.00,88.58,1008440
MWG,20180611,88.13,91.45,87.62,90.50,863640
MWG,20180608,85.55,89.91,85.19,89.24,1050630
MWG,20180607,87.33,87.62,85.63,85.85,586210
MWG,20180606,81.87,87.41,81.80,87.40,1622250
MWG,20180605,80.39,82.01,80.02,81.80,550980
MWG,20180604,80.39,82.23,79.65,80.39,528750
MWG,20180601,78.18,80.40,77.15,80.39,607160
MWG,20180531,75.97,78.33,75.45,78.33,340200
MWG,20180530,77.44,78.18,75.45,75.97,440950
MWG,20180529,75.45,78.92,74.49,77.44,551780
MWG,20180528,79.65,80.39,75.45,75.45,1155930
MWG,20180525,83.79,84.08,81.13,81.13,611380
MWG,20180524,84.00,84.67,82.75,83.86,681070
MWG,20180523,80.39,83.34,79.43,83.34,872610
MWG,20180522,81.20,81.42,78.69,80.39,423890
MWG,20180521,80.39,82.61,79.66,81.35,1188460
MWG,20180518,75.97,78.19,75.31,78.18,301160
MWG,20180517,77.07,77.74,76.11,76.12,309370
MWG,20180516,78.18,78.77,77.15,77.44,201990
MWG,20180515,77.44,79.28,77.07,78.77,474040
MWG,20180514,76.71,77.81,75.67,77.44,273900
MWG,20180511,73.69,75.97,73.69,75.97,310160
MWG,20180510,77.81,78.11,73.76,73.76,530300
MWG,20180509,77.45,78.92,77.30,78.11,262950
MWG,20180508,80.25,80.25,77.59,77.89,297750
MWG,20180507,74.86,79.73,74.86,79.66,597020
MWG,20180504,75.24,75.97,74.72,74.86,184450
MWG,20180503,75.23,75.23,73.90,74.94,258960
MWG,20180502,75.23,78.18,74.86,74.86,254610
MWG,20180427,74.50,75.97,73.02,75.23,330400
MWG,20180426,77.81,78.18,74.20,74.35,338620
MWG,20180424,77.81,78.84,77.44,77.96,220980
MWG,20180423,76.36,79.12,76.29,77.81,685820
MWG,20180420,72.72,74.25,72.00,74.25,338220
MWG,20180419,75.19,75.19,71.26,71.27,314620
MWG,20180418,76.35,76.50,74.90,74.90,206100
MWG,20180417,77.24,77.45,76.36,76.50,244320
MWG,20180416,77.09,77.45,76.36,77.09,343280
MWG,20180413,76.36,76.65,75.63,76.65,542420
MWG,20180412,72.73,75.27,72.58,75.27,495810
MWG,20180411,73.45,74.54,72.58,72.58,525250
MWG,20180410,75.20,75.27,73.45,73.45,506380
MWG,20180409,76.94,77.09,75.13,75.20,306530
MWG,20180406,76.65,78.18,76.21,76.58,265350
MWG,20180405,76.73,78.40,76.65,76.65,215460
MWG,20180404,74.90,77.59,74.90,76.29,511510
MWG,20180403,80.07,80.07,74.91,74.90,1076000
MWG,20180402,82.03,82.25,79.99,80.07,767210
MWG,20180330,82.18,82.83,82.03,82.03,183280
MWG,20180329,82.90,83.27,81.30,82.25,351580
MWG,20180328,82.90,83.55,82.32,82.32,314920
MWG,20180327,83.63,84.65,82.90,82.90,341730
MWG,20180326,83.63,86.10,83.63,83.63,224100
MWG,20180323,83.64,85.82,82.98,84.50,278400
MWG,20180322,87.27,88.43,85.82,85.89,293790
MWG,20180321,88.72,89.23,87.27,87.27,433980
MWG,20180320,85.60,88.00,85.16,87.27,673160
MWG,20180319,84.72,85.82,84.36,85.09,527170
MWG,20180316,84.36,84.36,80.72,82.47,481790
MWG,20180315,83.63,83.63,82.54,82.54,349720
MWG,20180314,85.09,85.60,83.63,83.63,250220
MWG,20180313,85.09,85.16,84.00,84.36,219390
MWG,20180312,84.43,85.67,84.43,85.09,192120
MWG,20180309,84.35,84.72,83.63,84.43,244020
MWG,20180308,83.05,84.36,83.05,83.70,243880
MWG,20180307,84.36,84.36,82.69,82.98,619200
MWG,20180306,86.90,86.97,83.63,85.09,609300
MWG,20180305,88.72,89.01,86.76,86.90,768540
MWG,20180302,88.00,88.58,87.05,88.36,690310
MWG,20180301,89.45,90.18,88.36,89.09,277590
MWG,20180228,90.90,91.27,89.81,90.18,351460
MWG,20180227,88.72,91.63,87.26,91.63,746580
MWG,20180226,87.27,89.08,87.12,87.99,478400
MWG,20180223,86.90,87.34,86.61,87.12,207380
MWG,20180222,88.72,89.38,86.54,86.54,303130
MWG,20180221,88.00,89.67,88.00,89.45,200190
MWG,20180213,82.90,87.63,82.90,87.27,192920
MWG,20180212,83.63,83.63,81.09,82.83,570900
MWG,20180209,83.63,83.63,80.72,81.45,895800
MWG,20180208,88.36,88.36,85.45,86.32,331600
MWG,20180207,88.65,89.38,87.63,87.63,458750
MWG,20180206,87.26,87.63,83.99,86.54,1006780
MWG,20180205,91.63,91.63,88.72,89.81,695700
MWG,20180202,94.17,94.54,92.06,92.07,852600
MWG,20180201,90.91,97.60,89.96,97.59,467000
MWG,20180131,91.56,91.56,90.18,91.27,418280
MWG,20180130,90.90,92.28,89.96,91.56,429120
MWG,20180129,92.50,92.50,88.21,90.03,1019580
MWG,20180126,94.17,94.39,92.50,92.50,282470
MWG,20180125,93.81,94.90,92.43,93.81,735390
MWG,20180122,92.79,95.63,92.57,93.45,328910
MWG,20180119,94.18,94.18,92.29,92.72,374620
MWG,20180118,92.73,94.18,91.64,94.18,472240
MWG,20180117,94.97,95.19,93.08,93.09,699560
MWG,20180116,94.97,95.63,94.54,95.19,502050
MWG,20180115,94.69,94.98,94.54,94.90,426390
MWG,20180112,95.92,95.92,94.61,94.69,761010
MWG,20180111,95.63,96.35,95.63,95.92,432890
MWG,20180110,95.63,96.72,95.27,96.50,726350
MWG,20180109,95.49,96.00,94.47,95.63,854350
MWG,20180108,96.36,96.72,95.26,95.49,752020
MWG,20180105,98.17,98.17,96.57,97.01,733030
MWG,20180104,97.53,98.47,97.45,98.10,678710
MWG,20180103,96.14,98.32,95.99,97.89,1132510
MWG,20180102,95.27,96.36,95.27,95.99,566400
MWG,20171229,95.19,96.87,95.12,95.27,2556830
MWG,20171228,94.54,95.63,94.54,95.12,843070
MWG,20171227,95.99,96.21,94.17,94.54,601920
MWG,20171226,95.27,96.51,95.27,95.99,314940
MWG,20171225,95.77,95.99,94.75,95.27,422830
MWG,20171222,94.18,96.36,93.89,95.99,462180
MWG,20171221,94.54,95.99,94.17,94.18,891390
MWG,20171220,97.45,97.45,96.00,96.72,607890
MWG,20171219,95.99,97.66,95.34,97.45,710570
MWG,20171218,95.99,97.01,95.70,95.99,386750
MWG,20171215,94.25,96.36,93.96,95.99,410030
MWG,20171214,90.18,94.18,90.18,94.18,512900
MWG,20171213,91.99,92.64,90.24,90.25,425000
MWG,20171212,92.57,93.74,89.45,91.99,788930
MWG,20171211,92.36,93.66,91.85,92.50,565050
MWG,20171208,93.59,94.68,93.23,93.81,370230
MWG,20171207,95.27,95.48,93.59,93.59,529330
MWG,20171206,96.43,96.65,93.88,94.32,1041660
MWG,20171205,99.05,99.27,96.50,96.50,481740
MWG,20171204,98.54,99.56,98.25,99.05,552520
MWG,20171201,97.89,98.91,97.45,98.83,437480
MWG,20171130,98.46,98.54,97.52,98.18,453750
MWG,20171129,96.72,97.96,96.50,97.81,380520
MWG,20171128,96.57,97.67,95.48,96.43,493330
MWG,20171127,99.41,99.85,95.63,96.72,1430020
MWG,20171124,99.13,99.64,98.62,99.34,540170
MWG,20171123,100.35,100.79,98.90,99.49,680450
MWG,20171122,99.27,100.51,98.47,99.99,813520
MWG,20171121,99.27,100.80,99.27,99.27,965780
MWG,20171120,97.45,99.27,97.01,99.27,767100
MWG,20171117,98.17,98.54,96.79,97.45,682340
MWG,20171116,97.09,98.40,96.73,97.81,589230
MWG,20171115,97.81,99.34,97.08,97.09,715210
MWG,20171114,93.82,98.18,93.45,97.81,2057700
MWG,20171113,93.74,93.74,92.58,93.09,543700
MWG,20171110,93.81,94.76,92.79,93.74,595520
MWG,20171109,93.09,94.91,93.09,93.81,963520
MWG,20171108,91.85,93.09,91.85,93.09,500630
MWG,20171107,92.43,92.65,91.56,91.85,404420
MWG,20171106,91.85,93.38,91.63,92.36,407030
MWG,20171103,87.27,91.27,87.27,91.27,596960
MWG,20171102,92.00,92.29,86.62,87.27,1823520
MWG,20171101,93.74,93.74,92.00,92.29,613970
MWG,20171031,94.17,94.39,93.44,93.45,380140
MWG,20171030,96.29,96.29,93.82,94.39,586820
MWG,20171027,94.61,95.27,94.03,95.27,498290
MWG,20171026,96.73,96.73,93.45,94.76,906180
MWG,20171025,93.82,95.49,93.45,95.49,586890
MWG,20171024,90.83,93.09,90.83,93.09,806950
MWG,20171023,92.36,92.65,91.27,91.27,886300
MWG,20171020,96.72,98.03,92.57,92.72,1759640
MWG,20171019,93.45,96.00,93.45,95.99,643740
MWG,20171018,92.94,94.68,92.43,93.45,789940
MWG,20171017,92.36,93.08,91.99,92.79,438880
MWG,20171016,91.26,92.72,91.26,92.72,468240
MWG,20171013,89.45,90.90,89.45,90.90,539360
MWG,20171012,89.38,89.82,89.02,89.45,522850
MWG,20171011,89.81,90.32,88.86,88.87,516070
MWG,20171010,86.54,89.81,86.54,89.81,847320
MWG,20171009,85.52,86.54,85.52,86.54,391870
MWG,20171006,85.31,85.67,85.02,85.45,276260
MWG,20171005,86.46,86.46,85.08,85.09,339310
MWG,20171004,85.81,86.76,85.59,85.81,316560
MWG,20171003,85.30,86.32,85.15,85.81,552510
MWG,20171002,84.58,85.74,84.58,85.30,300420
MWG,20170929,84.36,84.87,84.21,84.58,190250
MWG,20170928,83.99,85.08,83.56,83.85,606770
MWG,20170927,85.09,85.45,83.63,83.63,465320
MWG,20170926,85.81,86.46,85.08,85.16,412600
MWG,20170925,85.08,86.83,85.08,85.81,552100
MWG,20170922,82.98,85.02,82.98,85.01,879430
MWG,20170921,82.90,83.55,82.90,82.98,221340
MWG,20170920,82.91,83.13,82.62,82.90,234100
MWG,20170919,83.05,83.49,82.40,82.69,384620
MWG,20170918,82.54,83.56,82.18,83.05,365170
MWG,20170915,82.98,83.49,82.32,82.76,299400
MWG,20170914,83.63,84.29,82.98,83.27,383810
MWG,20170913,82.10,83.85,82.10,83.27,873330
MWG,20170912,80.43,81.45,80.36,81.45,307880
MWG,20170911,79.92,81.81,79.92,80.36,829940
MWG,20170908,78.90,79.85,78.90,79.63,317800
MWG,20170907,78.90,79.49,78.76,78.83,254140
MWG,20170906,78.47,79.27,78.39,78.54,268760
MWG,20170905,79.56,79.63,78.54,78.54,418240
MWG,20170901,79.63,79.85,79.27,79.56,492190
MWG,20170831,79.63,79.92,79.41,79.56,361660
MWG,20170830,77.82,80.00,77.74,79.63,1158810
MWG,20170829,77.23,78.54,77.23,77.89,509890
MWG,20170828,76.95,77.02,76.44,77.01,385200
MWG,20170825,76.72,77.01,76.07,76.80,275330
MWG,20170824,75.63,76.79,75.56,76.65,444160
MWG,20170823,76.43,76.72,75.56,75.63,452770
MWG,20170822,77.24,77.60,76.44,76.43,199310
MWG,20170821,76.80,77.24,76.51,77.09,278040
MWG,20170818,76.80,77.67,76.00,76.80,319960
MWG,20170817,77.81,78.10,76.79,76.80,434080
MWG,20170816,78.18,78.90,77.96,78.10,266480
MWG,20170815,77.45,78.90,77.45,78.03,384890
MWG,20170814,76.94,77.96,76.72,77.45,229930
MWG,20170811,76.35,77.45,76.14,76.94,357440
MWG,20170810,74.90,76.80,74.90,76.50,314170
MWG,20170809,77.08,77.16,75.63,75.85,642160
MWG,20170808,79.26,79.34,77.59,77.81,401650
MWG,20170807,78.54,79.92,77.89,79.41,992150
MWG,20170804,74.18,77.45,73.82,77.45,975130
MWG,20170803,72.07,73.38,72.07,72.80,327450
MWG,20170802,72.14,73.09,72.07,72.36,183370
MWG,20170801,73.09,73.45,72.07,72.36,187240
MWG,20170731,73.45,73.67,72.72,73.09,230400
MWG,20170728,72.36,73.45,72.36,73.45,256490
MWG,20170727,72.72,73.08,72.07,72.36,207900
MWG,20170726,71.70,73.45,71.70,72.72,218910
MWG,20170725,71.27,71.85,71.13,71.70,219850
MWG,20170724,70.54,71.78,70.54,70.98,334540
MWG,20170721,73.09,73.45,70.18,70.54,744800
MWG,20170720,74.18,74.18,72.72,73.09,421830
MWG,20170719,74.32,74.47,73.81,74.25,195430
MWG,20170718,74.54,74.76,73.81,74.32,156360
MWG,20170717,74.18,76.29,74.18,75.05,566470
MWG,20170714,74.54,74.61,74.17,74.18,150230
MWG,20170713,74.83,74.83,73.89,74.61,162470
MWG,20170712,73.81,74.61,73.45,74.54,201330
MWG,20170711,73.81,74.17,73.08,73.81,282370
MWG,20170710,74.90,74.90,72.72,73.81,317010
MWG,20170707,74.62,75.20,74.62,74.90,352070
MWG,20170706,74.69,74.91,74.18,74.69,357610
MWG,20170705,75.27,75.63,74.69,74.69,247230
MWG,20170704,74.40,76.00,74.32,75.27,333370
MWG,20170703,74.83,75.85,74.54,74.76,554410
MWG,20170630,74.10,75.63,74.03,74.83,519720
MWG,20170629,73.09,74.18,72.80,73.45,404540
MWG,20170628,72.72,73.45,72.00,73.09,1111060
MWG,20170627,74.90,74.90,73.45,73.67,272110
MWG,20170626,75.63,75.63,74.10,74.90,321990
MWG,20170623,74.90,76.65,73.60,74.83,596460
MWG,20170622,71.05,73.45,71.05,73.45,398150
MWG,20170621,70.90,71.19,70.25,71.05,314390
MWG,20170620,69.23,71.27,69.16,70.54,420950
MWG,20170619,69.08,69.38,68.94,69.16,171770
MWG,20170616,69.82,69.82,69.09,69.23,176730
MWG,20170615,69.45,70.03,69.38,69.60,166790
MWG,20170614,69.09,69.45,68.73,69.45,215100
MWG,20170613,69.82,70.33,68.94,69.09,228320
MWG,20170612,70.76,71.05,70.03,70.18,120460
MWG,20170609,71.27,71.78,70.54,70.76,139610
MWG,20170608,70.90,71.63,70.39,71.27,290590
MWG,20170607,69.96,70.69,69.45,70.54,359430
MWG,20170606,69.09,70.18,68.73,69.96,258430
MWG,20170605,69.09,69.60,68.65,69.09,146690
MWG,20170602,70.54,70.54,68.94,69.45,124580
MWG,20170601,68.00,69.67,68.00,69.67,215340
MWG,20170531,67.49,69.45,67.49,68.00,185320
MWG,20170530,68.00,68.73,67.27,67.85,358640
MWG,20170529,70.54,71.12,68.50,68.51,399320
MWG,20170526,70.91,71.27,70.40,70.54,244610
MWG,20170525,71.99,73.45,71.19,71.49,419610
MWG,20170524,69.08,73.52,69.08,71.92,844050
MWG,20170523,66.54,69.08,66.32,68.72,418500
MWG,20170522,69.09,69.09,66.18,66.32,695190
MWG,20170519,65.09,65.52,65.02,65.45,303350
MWG,20170518,64.91,65.63,64.55,65.02,201390
MWG,20170517,65.27,65.85,64.44,64.91,185390
MWG,20170516,66.17,66.17,64.94,65.16,261360
MWG,20170515,62.89,66.36,62.89,66.13,448540
MWG,20170512,62.56,62.81,62.02,62.75,183350
MWG,20170511,62.38,62.93,62.02,62.38,121850
MWG,20170510,62.74,63.14,62.24,62.24,260390
MWG,20170509,61.34,62.21,61.34,62.20,199170
MWG,20170508,62.02,62.13,61.26,61.63,67420
MWG,20170505,62.02,62.38,61.66,62.02,142540
MWG,20170504,60.94,62.03,60.94,61.95,225890
MWG,20170503,59.86,61.12,59.86,60.80,73610
MWG,20170428,60.19,60.22,59.86,60.22,102600
MWG,20170427,59.50,60.19,59.18,60.15,76780
MWG,20170426,58.96,59.97,58.96,59.18,145010
MWG,20170425,59.54,59.86,58.67,58.96,73220
MWG,20170424,60.18,60.58,59.86,59.86,150250
MWG,20170421,59.86,60.36,59.86,60.04,55150
MWG,20170420,60.22,60.22,59.86,59.86,40210
MWG,20170419,58.78,60.22,58.78,60.22,98260
MWG,20170418,59.50,59.50,58.13,58.78,177340
MWG,20170417,60.22,60.58,59.50,59.50,206180
MWG,20170414,61.30,61.34,60.29,60.29,126310
MWG,20170413,61.12,61.55,61.12,61.30,86350
MWG,20170412,60.69,61.63,60.62,60.94,160680
MWG,20170411,59.94,60.80,59.94,60.80,88220
MWG,20170410,60.22,60.22,59.86,59.90,69450
MWG,20170407,60.22,60.33,59.86,60.22,54260
MWG,20170405,60.04,60.36,60.04,60.22,57020
MWG,20170404,60.40,60.40,59.90,60.04,98080
MWG,20170403,60.94,60.94,60.08,60.40,155160
MWG,20170331,60.26,61.05,60.26,60.69,62910
MWG,20170330,59.93,60.83,59.93,60.76,142470
MWG,20170329,59.86,60.65,59.32,60.40,309790
MWG,20170328,59.86,60.51,59.50,59.86,131620
MWG,20170327,60.83,61.30,59.78,59.86,356790
MWG,20170324,61.12,61.23,60.76,60.83,105010
MWG,20170323,61.01,61.26,60.51,60.76,175150
MWG,20170322,61.92,62.03,60.94,61.01,254390
MWG,20170321,61.88,62.31,61.88,62.17,141970
MWG,20170320,62.39,62.39,61.70,61.95,91340
MWG,20170317,61.66,62.16,60.94,61.92,236840
MWG,20170316,63.65,63.72,61.49,61.66,349140
MWG,20170315,62.74,63.07,62.24,62.75,357810
MWG,20170314,61.30,62.02,61.30,62.02,242660
MWG,20170313,61.48,61.95,61.12,61.23,223660
MWG,20170310,60.94,61.23,60.80,60.94,54480
MWG,20170309,61.23,61.30,60.83,60.94,41170
MWG,20170308,60.91,62.17,60.59,61.23,278100
MWG,20170307,59.97,60.69,59.50,60.55,116510
MWG,20170306,60.22,60.40,59.86,59.97,95580
MWG,20170303,60.22,60.29,59.86,59.97,106870
MWG,20170302,59.90,60.94,59.86,60.22,100290
MWG,20170301,60.22,60.22,59.83,60.04,104490
MWG,20170228,60.58,60.94,60.26,60.26,115880
MWG,20170227,61.09,62.38,60.58,60.80,338060
MWG,20170224,58.82,59.86,58.42,59.86,189820
MWG,20170223,59.90,60.22,58.96,59.61,242260
MWG,20170222,60.94,61.12,59.68,59.90,203790
MWG,20170221,60.58,61.30,60.58,60.76,114080
MWG,20170220,62.02,62.02,60.58,60.58,213330
MWG,20170217,62.38,63.28,61.55,62.02,438000
MWG,20170216,62.27,64.18,62.27,62.38,224120
MWG,20170215,62.02,62.67,61.66,62.38,112270
MWG,20170214,62.68,62.71,62.03,62.02,113620
MWG,20170213,60.94,62.71,60.94,62.46,399340
MWG,20170210,60.22,61.12,60.22,60.69,131350
MWG,20170209,60.87,60.91,59.61,60.22,249940
MWG,20170208,61.31,61.45,60.22,60.87,204010
MWG,20170207,61.30,61.62,61.12,61.45,200400
MWG,20170206,60.58,61.63,60.08,61.48,249400
MWG,20170203,60.94,61.63,60.25,60.58,122970
MWG,20170202,58.06,60.95,57.74,60.94,422570
MWG,20170125,57.34,57.70,57.16,57.70,82160
MWG,20170124,57.08,57.33,56.97,57.34,120870
MWG,20170123,57.66,57.66,56.80,57.08,62600
MWG,20170120,56.66,57.70,56.66,57.52,74860
MWG,20170119,57.34,57.34,56.80,56.80,37760
MWG,20170118,57.02,57.20,56.98,56.98,82110
MWG,20170117,56.98,57.16,56.80,56.98,106820
MWG,20170116,57.34,57.70,57.16,57.16,83590
MWG,20170113,57.70,57.81,57.38,57.52,84390
MWG,20170112,57.70,58.57,57.70,57.70,205680
MWG,20170111,56.80,57.70,56.80,57.70,348450
MWG,20170110,56.33,57.12,55.93,56.69,180070
MWG,20170109,56.97,56.97,56.43,56.51,126740
MWG,20170106,56.86,57.30,56.61,56.90,210050
MWG,20170105,56.72,56.90,56.61,56.90,116930
MWG,20170104,56.51,56.91,56.29,56.72,75090
MWG,20170103,56.25,56.61,55.89,56.51,127640
MWG,20161230,56.58,56.98,56.08,56.25,739330
MWG,20161229,57.34,57.70,56.80,57.34,319690
MWG,20161228,57.52,57.52,57.02,57.41,141150
MWG,20161227,57.30,58.06,57.01,57.52,252970
MWG,20161226,55.89,57.30,55.89,57.30,280350
MWG,20161223,55.93,56.18,55.71,55.82,198200
MWG,20161222,55.90,56.15,55.39,55.89,249980
MWG,20161221,55.75,56.22,55.53,56.15,156770
MWG,20161220,54.09,55.75,53.76,55.75,292650
MWG,20161219,56.26,57.16,53.37,54.45,1394910
MWG,20161216,55.17,55.64,54.99,55.32,52320
MWG,20161215,56.18,56.18,55.46,55.46,110950
MWG,20161214,54.81,55.90,54.81,55.89,71500
MWG,20161213,54.89,55.35,54.49,55.03,84180
MWG,20161212,56.07,56.07,55.02,55.03,84390
MWG,20161209,55.89,56.25,55.53,55.89,81800
MWG,20161208,56.58,56.58,55.36,55.89,97210
MWG,20161207,55.35,55.85,54.12,55.61,180290
MWG,20161206,56.61,57.66,55.35,55.53,298940
MWG,20161205,59.14,59.14,56.62,56.61,249980
MWG,20161202,60.11,60.11,59.50,59.50,167130
MWG,20161201,59.50,60.40,59.50,59.68,249290
MWG,20161130,58.78,59.50,58.42,59.50,196420
MWG,20161129,59.14,59.14,58.60,58.78,112320
MWG,20161128,58.60,59.68,58.60,58.60,286650
MWG,20161125,58.49,59.14,57.69,58.78,107770
MWG,20161124,58.42,59.14,58.42,58.45,68530
MWG,20161123,59.14,59.50,57.69,58.42,241160
MWG,20161122,56.29,59.28,56.29,59.28,273000
MWG,20161121,56.39,56.94,56.25,56.43,47690
MWG,20161118,55.57,56.79,55.57,56.25,69310
MWG,20161117,55.53,56.86,55.17,56.07,150580
MWG,20161116,55.93,56.01,55.14,55.17,160290
MWG,20161115,56.79,56.97,55.74,55.97,162860
MWG,20161114,56.62,58.02,56.62,56.61,198830
MWG,20161111,56.80,57.70,56.26,57.05,105990
MWG,20161110,57.33,58.05,56.43,56.80,233850
MWG,20161109,54.92,55.90,53.01,55.89,319730
MWG,20161108,55.35,56.61,55.17,55.61,136330
MWG,20161107,54.81,55.50,54.67,54.99,34680
MWG,20161104,55.17,56.07,54.45,54.63,338550
MWG,20161103,52.65,55.18,52.65,55.17,627210
MWG,20161102,53.01,53.84,52.65,52.94,104410
MWG,20161101,51.57,53.08,51.57,53.01,105610
MWG,20161031,53.55,53.55,52.29,52.29,118380
MWG,20161028,52.83,53.55,52.83,53.55,118150
MWG,20161027,52.25,52.83,52.25,52.83,137950
MWG,20161026,51.68,52.83,51.68,51.93,203050
MWG,20161025,52.51,52.61,51.57,51.93,159550
MWG,20161024,54.77,54.77,52.47,52.47,229130
MWG,20161021,54.45,55.89,53.80,54.45,172440
MWG,20161020,54.20,54.27,53.37,54.09,143530
MWG,20161019,54.74,55.14,54.13,54.20,103920
MWG,20161018,51.20,54.77,51.20,54.09,268420
MWG,20161017,52.65,52.94,51.60,51.67,210270
MWG,20161014,53.52,54.82,53.23,53.37,145960
MWG,20161013,49.76,53.22,49.76,53.23,739640
MWG,20161012,48.76,50.09,48.76,49.76,123500
MWG,20161011,48.82,48.82,47.96,48.83,114380
MWG,20161010,48.36,48.82,48.36,48.39,71260
MWG,20161007,48.97,49.33,48.36,48.50,105310
MWG,20161006,48.64,49.76,48.61,48.97,105360
MWG,20161005,49.73,49.73,48.68,48.68,119470
MWG,20161004,50.09,50.09,49.01,49.04,193350
MWG,20161003,50.74,50.74,49.98,50.09,146180
MWG,20160930,50.45,50.59,50.02,50.20,96750
MWG,20160929,49.58,50.84,49.40,49.98,231710
MWG,20160928,49.01,49.77,48.69,49.58,143310
MWG,20160927,48.64,49.08,48.50,49.01,116840
MWG,20160926,49.40,49.40,48.53,48.68,160460
MWG,20160923,49.77,50.13,48.90,49.40,155140
MWG,20160922,48.68,50.05,48.68,49.73,127670
MWG,20160921,47.96,49.22,47.96,48.68,130260
MWG,20160920,47.24,48.32,47.24,48.14,106800
MWG,20160919,48.36,48.40,46.88,47.24,264460
MWG,20160916,48.32,48.89,47.96,48.36,151300
MWG,20160915,48.90,48.90,47.74,47.74,172940
MWG,20160914,50.08,50.08,48.97,48.97,73620
MWG,20160913,48.68,50.12,48.68,49.94,93000
MWG,20160912,50.48,50.48,48.39,48.68,246870
MWG,20160909,51.93,51.93,49.77,50.48,377010
MWG,20160908,52.29,52.29,51.57,51.93,144480
MWG,20160907,52.29,52.65,50.49,51.93,148920
MWG,20160906,52.29,53.01,51.93,52.65,135710
MWG,20160905,51.93,52.29,51.21,52.29,150500
MWG,20160901,52.29,52.29,51.21,51.57,217600
MWG,20160831,53.01,53.01,51.21,51.93,267210
MWG,20160830,49.76,51.92,49.76,51.93,240460
MWG,20160829,51.57,52.29,49.41,49.40,474240
MWG,20160826,51.21,52.65,51.21,51.57,319450
MWG,20160825,52.29,52.65,50.85,51.21,480970
MWG,20160824,55.17,56.61,52.65,52.65,1015770
MWG,20160823,54.09,55.17,53.37,55.17,208990
MWG,20160822,54.81,55.89,54.09,54.45,222720
MWG,20160819,54.09,56.61,53.01,54.81,312270
MWG,20160818,55.17,55.17,54.09,54.45,173180
MWG,20160817,53.73,55.90,53.01,55.53,298740
MWG,20160816,51.21,54.10,51.21,52.29,423840
MWG,20160815,49.40,51.56,49.04,50.85,293800
MWG,20160812,51.56,51.56,49.40,49.40,128800
MWG,20160811,47.60,50.12,47.24,50.12,366120
MWG,20160810,47.24,48.32,46.88,47.60,154070
MWG,20160809,47.60,48.32,47.24,47.24,99040
MWG,20160808,48.32,48.32,47.60,47.60,81890
MWG,20160805,46.52,47.96,46.52,47.60,156700
MWG,20160804,46.51,46.87,45.79,46.52,149850
MWG,20160803,43.99,45.07,43.99,44.71,175840
MWG,20160802,46.52,46.52,44.72,44.71,160680
MWG,20160801,48.32,48.68,46.88,46.88,202820
MWG,20160729,47.96,49.04,47.96,48.32,102870
MWG,20160728,46.88,48.68,46.52,47.96,120870
MWG,20160727,46.88,47.24,46.52,46.88,57150
MWG,20160726,47.96,47.96,46.88,46.88,56150
MWG,20160725,48.68,48.68,46.88,47.96,67230
MWG,20160722,46.16,48.68,44.72,48.68,384670
MWG,20160721,47.96,48.68,45.80,46.52,266080
MWG,20160720,50.12,50.12,47.96,47.96,280260
MWG,20160719,50.48,50.48,49.04,50.48,255690
MWG,20160718,49.76,50.48,49.40,50.12,224360
MWG,20160715,50.48,50.84,47.96,49.40,278440
MWG,20160714,50.48,51.92,50.12,50.48,233920
MWG,20160713,49.76,50.84,49.04,50.48,207820
MWG,20160712,47.60,48.68,46.52,48.68,183060
MWG,20160711,46.52,49.04,46.52,47.60,222850
MWG,20160708,47.24,47.96,46.52,46.88,121180
MWG,20160707,45.07,47.23,44.35,47.24,452050
MWG,20160706,43.99,44.35,43.27,44.35,189000
MWG,20160705,45.07,45.07,44.35,44.35,170630
MWG,20160704,45.07,45.07,43.99,44.71,204000
MWG,20160701,44.35,45.07,43.99,44.35,254340
MWG,20160630,45.08,45.80,44.36,44.35,136970
MWG,20160629,42.55,45.07,42.55,45.08,299110
MWG,20160628,42.91,43.63,42.55,42.91,135670
MWG,20160627,43.27,43.99,41.47,43.99,201010
MWG,20160624,41.47,44.35,38.59,43.99,877910
MWG,20160623,38.59,41.47,38.59,41.47,448580
MWG,20160622,38.95,39.31,38.23,38.95,99510
MWG,20160621,39.66,39.66,38.22,38.95,264300
MWG,20160620,37.50,38.58,37.50,38.58,288080
MWG,20160617,36.42,37.14,35.34,36.06,154070
MWG,20160616,36.06,37.14,35.88,36.78,118040
MWG,20160615,36.42,36.42,35.70,35.88,164120
MWG,20160614,33.90,36.06,33.54,36.06,313590
MWG,20160613,33.90,33.90,33.54,33.90,123360
MWG,20160610,33.54,33.90,33.18,33.90,125150
MWG,20160609,33.72,33.90,33.00,33.36,304660
MWG,20160608,34.62,34.62,33.90,34.08,283670
MWG,20160607,33.72,34.62,33.54,34.44,365940
MWG,20160606,31.91,33.35,31.91,33.18,555590
MWG,20160603,30.83,31.91,30.83,31.73,303770
MWG,20160602,30.83,30.83,30.65,30.83,120220
MWG,20160601,31.01,31.01,30.65,30.83,89680
MWG,20160531,31.01,31.19,30.83,31.01,156180
MWG,20160530,30.65,30.83,30.47,30.83,185160
MWG,20160527,29.75,30.65,29.57,30.47,428880
MWG,20160526,30.29,30.47,29.75,29.75,279620
MWG,20160525,30.11,30.29,29.93,30.29,184200
MWG,20160524,29.39,30.29,29.39,30.11,588980
MWG,20160523,28.13,28.85,27.95,28.85,803880
MWG,20160520,27.41,27.95,27.41,27.77,42320
MWG,20160519,27.77,27.95,27.59,27.59,57210
MWG,20160518,27.77,28.13,27.59,27.77,41930
MWG,20160517,27.23,27.77,27.23,27.77,103450
MWG,20160516,27.41,27.77,27.23,27.41,42770
MWG,20160513,28.13,28.13,27.41,27.41,113660
MWG,20160512,28.13,28.31,27.77,27.95,73160
MWG,20160511,28.31,28.31,27.95,28.31,128100
MWG,20160510,28.31,28.31,27.95,28.13,125390
MWG,20160509,28.31,28.67,27.95,28.31,243600
MWG,20160506,28.13,28.49,28.13,28.31,225130
MWG,20160505,27.59,27.76,27.23,27.77,341280
MWG,20160504,26.53,27.94,26.53,27.41,322850
MWG,20160429,26.53,26.88,26.53,26.53,37930
MWG,20160428,26.88,26.88,26.53,26.88,40980
MWG,20160427,26.88,27.24,26.71,26.88,49610
MWG,20160426,27.24,27.42,27.06,27.06,110320
MWG,20160425,27.23,27.23,26.70,27.24,135550
MWG,20160422,25.82,26.35,25.82,26.17,29540
MWG,20160421,26.17,26.17,25.82,26.17,27270
MWG,20160420,25.99,26.17,25.82,26.17,49000
MWG,20160419,26.88,26.88,26.17,26.17,56650
MWG,20160415,26.35,27.05,26.35,26.88,82180
MWG,20160414,26.70,26.88,26.53,26.70,65170
MWG,20160413,26.88,27.24,26.71,26.88,32250
MWG,20160412,27.24,27.42,26.89,27.06,41990
MWG,20160411,27.06,27.41,27.06,27.24,96990
MWG,20160408,26.88,27.23,26.70,27.06,101900
MWG,20160407,26.88,27.05,26.70,26.88,44780
MWG,20160406,26.88,27.06,26.53,26.70,33560
MWG,20160405,26.53,26.88,26.53,26.88,35210
MWG,20160404,26.70,26.88,26.52,26.53,34900
MWG,20160401,26.88,26.88,26.52,26.70,76360
MWG,20160331,27.24,27.42,26.71,26.70,59990
MWG,20160330,27.06,27.41,27.06,27.24,30870
MWG,20160329,27.41,27.77,27.24,27.41,101140
MWG,20160328,27.95,27.95,27.59,27.59,85470
MWG,20160325,27.77,27.95,27.59,27.77,93810
MWG,20160324,27.77,27.94,27.41,27.77,166690
MWG,20160323,27.42,27.59,27.24,27.59,81460
MWG,20160322,27.59,27.77,27.24,27.24,73360
MWG,20160321,27.59,27.95,27.42,27.59,177050
MWG,20160318,27.24,27.42,27.06,27.24,79290
MWG,20160317,27.42,27.59,26.89,27.24,195920
MWG,20160316,27.94,27.94,27.24,27.24,298870
MWG,20160315,28.12,28.12,27.77,28.12,113840
MWG,20160314,28.30,28.47,27.94,28.12,90150
MWG,20160311,27.94,28.29,27.76,28.12,210430
MWG,20160310,27.59,27.94,27.59,27.94,105310
MWG,20160309,27.59,27.95,27.59,27.59,109120
MWG,20160308,27.94,28.12,27.59,27.77,107410
MWG,20160307,28.12,28.30,27.77,27.94,132110
MWG,20160304,27.76,28.65,27.59,28.12,339340
MWG,20160303,27.94,27.94,27.76,27.94,86750
MWG,20160302,26.70,27.94,26.70,27.94,393160
MWG,20160301,26.53,26.88,26.53,26.70,109110
MWG,20160229,27.05,27.05,26.52,26.53,140520
MWG,20160226,26.88,27.23,26.70,26.70,137910
MWG,20160225,27.41,27.59,26.88,26.88,197130
MWG,20160224,27.24,27.59,26.89,27.41,61870
MWG,20160223,27.23,27.59,27.06,27.24,265520
MWG,20160222,26.35,26.88,26.35,26.88,132720
MWG,20160219,26.53,26.53,26.17,26.17,52460
MWG,20160218,25.47,26.53,25.47,26.35,133790
MWG,20160217,25.64,25.82,25.46,25.47,91360
MWG,20160216,25.64,25.64,25.29,25.64,79510
MWG,20160215,25.47,25.82,25.29,25.64,41340
MWG,20160205,25.47,26.00,25.47,26.00,41110
MWG,20160204,25.47,25.82,25.47,25.47,46320
MWG,20160203,25.12,25.47,25.12,25.47,38030
MWG,20160202,25.29,25.65,25.29,25.47,51310
MWG,20160201,25.12,25.65,25.12,25.47,105090
MWG,20160129,24.76,25.47,24.76,25.47,149010
MWG,20160128,25.29,25.29,24.76,24.76,32570
MWG,20160127,25.11,25.29,24.93,25.29,55080
MWG,20160126,25.12,25.29,24.76,25.11,59150
MWG,20160125,25.11,25.46,24.58,25.47,175000
MWG,20160122,24.41,24.76,23.70,24.05,94540
MWG,20160121,24.76,24.76,24.23,24.41,65230
MWG,20160120,25.11,25.11,24.58,24.76,49190
MWG,20160119,24.41,25.12,24.23,25.11,86980
MWG,20160118,25.46,25.46,23.87,24.41,222550
MWG,20160115,26.00,26.00,25.65,25.64,103340
MWG,20160114,26.00,26.17,25.64,26.00,177250
MWG,20160113,26.71,26.71,26.35,26.35,58300
MWG,20160112,25.82,26.52,25.82,26.53,72520
MWG,20160111,26.35,26.53,25.82,26.17,96610
MWG,20160108,26.70,26.88,25.82,26.53,97350
MWG,20160107,27.59,27.59,26.53,26.88,222750
MWG,20160106,27.76,27.94,27.59,27.77,76610
MWG,20160105,27.94,27.94,27.41,27.94,98210
MWG,20160104,27.77,28.48,27.59,27.94,396020
MWG,20151231,28.12,28.47,27.59,27.77,398870
MWG,20151230,28.12,28.65,28.12,28.65,264060
MWG,20151229,27.94,28.30,27.94,28.12,109910
MWG,20151228,27.41,28.29,27.23,28.12,316120
MWG,20151225,27.94,27.94,27.41,27.41,51660
MWG,20151224,27.77,27.95,27.59,27.94,57330
MWG,20151223,27.41,27.94,27.41,27.77,182850
MWG,20151222,27.76,27.94,27.23,27.59,236520
MWG,20151221,27.59,27.95,27.42,27.94,93740
MWG,20151218,27.76,27.94,27.76,27.77,86030
MWG,20151217,27.77,27.95,27.59,27.94,305780
MWG,20151216,27.24,28.12,27.06,27.77,304540
MWG,20151215,26.88,27.06,26.70,27.06,100200
MWG,20151214,26.52,26.88,26.35,26.88,53090
MWG,20151211,26.17,26.70,25.99,26.70,45980
MWG,20151210,26.71,26.88,26.18,26.17,51590
MWG,20151209,26.89,27.24,26.36,26.53,99560
MWG,20151208,26.52,27.58,26.17,27.24,111010
MWG,20151207,26.88,26.88,26.53,26.70,48280
MWG,20151204,26.53,27.06,26.17,26.88,125740
MWG,20151203,26.88,27.24,26.71,26.88,35740
MWG,20151202,26.52,27.23,26.52,27.06,42420
MWG,20151201,26.53,27.24,26.35,26.70,57370
MWG,20151130,27.23,27.41,26.35,26.53,198970
MWG,20151127,28.65,28.83,27.24,27.41,383380
MWG,20151126,29.36,29.36,28.65,28.65,199810
MWG,20151125,29.00,29.35,28.29,29.18,163740
MWG,20151124,28.65,29.36,28.47,29.00,264330
MWG,20151123,28.47,28.82,28.29,28.65,224070
MWG,20151120,27.59,28.12,27.59,27.94,211960
MWG,20151119,27.77,27.77,27.42,27.59,113010
MWG,20151118,27.41,27.77,27.24,27.77,70270
MWG,20151117,28.12,28.30,27.41,27.59,310040
MWG,20151116,27.41,28.30,27.24,28.12,340740
MWG,20151113,26.88,27.94,26.88,27.59,290520
MWG,20151112,26.17,26.88,26.17,26.88,459340
MWG,20151111,26.00,26.18,25.82,26.17,69900
MWG,20151110,25.99,26.17,25.64,26.00,174100
MWG,20151109,26.00,26.53,25.47,26.17,205020
MWG,20151106,26.35,26.35,25.65,25.82,121410
MWG,20151105,25.82,26.88,25.47,26.53,207670
MWG,20151104,26.00,26.18,25.82,25.82,134640
MWG,20151103,25.64,26.00,25.11,26.00,244920
MWG,20151102,26.17,26.17,25.46,25.82,203870
MWG,20151030,25.82,26.52,25.82,26.17,359290
MWG,20151029,24.23,25.64,24.23,25.64,581760
MWG,20151028,23.70,24.06,23.70,24.05,58040
MWG,20151027,23.87,24.05,23.70,23.88,53190
MWG,20151026,24.23,24.40,23.87,24.05,72600
MWG,20151023,23.87,24.40,23.87,24.05,57590
MWG,20151022,23.52,24.23,23.52,24.05,83430
MWG,20151021,24.41,24.41,23.70,23.70,122980
MWG,20151020,24.94,24.94,24.23,24.41,111340
MWG,20151019,25.11,25.11,24.58,24.94,86440
MWG,20151016,24.23,25.29,24.05,24.76,283290
MWG,20151015,23.88,24.41,23.88,24.23,154090
MWG,20151014,23.70,24.41,23.70,23.88,65500
MWG,20151013,23.34,24.58,23.17,23.70,137020
MWG,20151012,24.05,24.23,23.34,23.52,115070
MWG,20151009,24.76,24.76,23.70,24.05,100870
MWG,20151008,23.69,24.93,23.69,24.76,180880
MWG,20151007,23.34,23.87,23.17,23.34,132400
MWG,20151006,22.29,23.35,22.29,22.99,132300
MWG,20151005,21.93,22.11,21.58,22.11,56170
MWG,20151002,21.75,21.93,21.57,21.93,25160
MWG,20151001,21.58,21.76,21.40,21.75,18210
MWG,20150930,21.58,21.93,21.40,21.58,35050
MWG,20150929,21.40,21.57,21.40,21.40,12490
MWG,20150928,21.75,21.93,21.58,21.75,25880
MWG,20150925,21.93,21.93,21.75,21.93,34470
MWG,20150924,22.11,22.11,21.76,21.75,14000
MWG,20150923,22.28,22.28,21.93,22.11,18580
MWG,20150922,22.81,22.81,22.11,22.28,43100
MWG,20150921,21.40,22.46,21.40,22.46,77340
MWG,20150918,21.57,21.57,21.40,21.40,37310
MWG,20150917,21.58,21.58,21.05,21.22,17070
MWG,20150916,20.87,21.05,20.69,20.87,47720
MWG,20150915,21.40,21.40,20.87,20.87,51120
MWG,20150914,21.76,21.76,21.23,21.40,18880
MWG,20150911,21.75,21.75,21.57,21.58,25830
MWG,20150910,21.57,21.93,21.40,21.75,25500
MWG,20150909,22.28,22.28,21.58,21.75,19790
MWG,20150908,21.58,22.29,21.58,21.93,12500
MWG,20150907,22.28,22.28,21.57,21.58,40620
MWG,20150904,22.46,22.46,22.11,22.28,23030
MWG,20150903,22.46,22.46,22.10,22.46,32900
MWG,20150901,23.69,23.69,22.81,22.81,31320
MWG,20150831,23.52,24.05,22.99,23.34,88610
MWG,20150828,22.46,23.17,22.46,22.81,112350
MWG,20150827,22.82,22.99,22.29,22.46,139070
MWG,20150826,22.11,22.46,22.11,22.11,43160
MWG,20150825,21.40,22.46,20.87,22.11,93890
MWG,20150824,22.10,22.10,21.22,21.40,145040
MWG,20150821,23.17,23.17,21.93,22.81,89090
MWG,20150820,24.05,24.05,23.17,23.17,67300
MWG,20150819,24.76,24.76,23.88,24.23,51420
MWG,20150818,25.12,25.12,24.59,24.76,21390
MWG,20150817,25.11,25.29,24.76,24.94,20860
MWG,20150814,25.11,25.29,24.93,25.11,42450
MWG,20150813,24.93,25.29,24.93,25.11,29990
MWG,20150812,25.47,25.47,24.94,25.11,52570
MWG,20150811,25.47,25.47,25.29,25.47,26040
MWG,20150810,25.29,25.64,25.11,25.47,82730
MWG,20150807,25.11,25.29,25.11,25.11,36940
MWG,20150806,25.29,25.29,25.12,25.29,27680
MWG,20150805,25.11,25.46,25.11,25.47,9750
MWG,20150804,25.47,25.47,25.11,25.11,51930
MWG,20150803,25.64,25.64,25.11,25.29,71520
MWG,20150731,25.46,25.82,25.29,25.29,74200
MWG,20150730,25.64,25.82,25.46,25.64,29900
MWG,20150729,25.82,26.00,25.65,25.64,49360
MWG,20150728,26.52,26.52,25.99,26.00,34250
MWG,20150727,26.53,26.53,25.82,26.17,42600
MWG,20150724,25.64,26.70,25.29,26.53,227840
MWG,20150723,25.11,25.29,24.93,25.11,40140
MWG,20150722,25.29,25.47,25.11,25.11,40710
MWG,20150721,25.47,25.47,25.11,25.29,40090
MWG,20150720,25.47,25.82,25.47,25.82,23330
MWG,20150717,26.00,26.00,25.65,25.82,17560
MWG,20150716,26.00,26.00,25.82,26.00,9980
MWG,20150715,26.00,26.00,25.47,25.82,24970
MWG,20150714,25.82,26.00,25.82,26.00,35180
MWG,20150713,26.35,26.35,25.82,25.82,30630
MWG,20150710,26.00,26.35,26.00,26.35,25440
MWG,20150709,26.17,26.35,26.00,26.35,32370
MWG,20150708,26.17,26.35,25.99,26.35,39430
MWG,20150707,26.35,26.52,26.17,26.17,92510
MWG,20150706,26.17,26.35,26.17,26.17,94930
MWG,20150703,26.00,26.53,26.00,26.17,73910
MWG,20150702,26.18,26.18,26.00,26.00,32680
MWG,20150701,26.00,26.18,25.82,26.00,34230
MWG,20150630,26.00,26.35,26.00,26.00,48540
MWG,20150629,26.18,26.18,25.82,26.00,46030
MWG,20150626,26.00,27.06,25.82,26.53,92010
MWG,20150625,26.35,26.70,26.00,26.00,30790
MWG,20150624,24.76,26.35,24.76,26.35,121970
MWG,20150623,25.29,25.29,24.76,24.76,56380
MWG,20150622,25.46,25.64,25.29,25.47,48910
MWG,20150619,25.64,26.00,25.64,25.64,12680
MWG,20150618,25.82,26.00,25.64,25.82,5590
MWG,20150617,25.99,26.17,25.82,25.82,11460
MWG,20150616,26.17,26.35,25.99,26.17,16820
MWG,20150615,26.35,26.71,26.18,26.17,34330
MWG,20150612,26.71,26.71,26.35,26.53,25770
MWG,20150611,26.35,26.71,26.35,26.53,8910
MWG,20150610,27.06,27.77,26.53,26.53,26060
MWG,20150609,27.41,27.41,26.53,27.06,34680
MWG,20150608,27.59,27.59,27.06,27.06,21110
MWG,20150605,26.35,27.24,26.35,27.24,29500
MWG,20150604,26.35,26.70,26.35,26.53,12250
MWG,20150603,27.06,27.06,26.17,26.35,19990
MWG,20150602,27.06,27.24,26.36,26.88,37200
MWG,20150601,27.59,27.77,27.24,27.24,14950
MWG,20150529,27.94,27.94,26.88,27.59,44560
MWG,20150528,28.47,28.47,27.94,27.94,33840
MWG,20150527,28.30,28.30,27.77,28.12,13100
MWG,20150526,27.76,29.00,27.76,28.30,39350
MWG,20150525,28.30,28.30,27.24,27.41,40120
MWG,20150522,28.47,28.47,27.06,28.30,48530
MWG,20150521,28.65,29.71,27.94,28.47,28050
MWG,20150520,30.07,30.25,29.54,29.89,203290
MWG,20150519,27.59,28.30,27.59,28.30,54280
MWG,20150518,24.94,26.53,24.94,26.53,88500
MWG,20150515,25.82,25.82,24.93,24.94,48430
MWG,20150514,28.65,29.00,26.70,26.70,87470
MWG,20150513,29.01,30.43,28.30,28.65,80660
MWG,20150512,29.44,29.44,27.74,28.87,80020
MWG,20150511,30.29,30.57,29.72,29.72,34870
MWG,20150508,30.00,30.28,29.72,30.29,11670
MWG,20150507,29.72,30.29,29.44,30.00,15350
MWG,20150506,30.29,30.29,29.72,29.72,12450
MWG,20150505,30.00,30.29,29.44,30.29,14490
MWG,20150504,31.13,31.13,30.28,30.57,28400
MWG,20150427,31.70,32.55,30.85,30.85,60120
MWG,20150424,30.01,31.42,29.72,30.85,73060
MWG,20150423,29.44,30.01,29.44,29.44,20810
MWG,20150422,29.72,29.72,29.44,29.44,25120
MWG,20150421,29.72,30.00,29.72,29.72,8400
MWG,20150420,30.29,30.29,29.72,29.72,39410
MWG,20150417,30.29,30.29,30.01,30.29,8490
MWG,20150416,30.57,30.57,30.01,30.29,9680
MWG,20150415,30.29,30.29,30.29,30.29,5810
MWG,20150414,30.00,30.57,30.00,30.57,7010
MWG,20150413,30.57,30.57,30.29,30.57,18220
MWG,20150410,31.14,31.14,30.29,30.29,15410
MWG,20150409,30.57,30.85,30.29,30.29,12240
MWG,20150408,30.29,31.14,30.29,30.57,28090
MWG,20150407,29.72,30.85,29.72,30.57,17110
MWG,20150406,30.29,30.29,29.72,29.72,5750
MWG,20150403,30.29,30.57,30.01,30.29,6960
MWG,20150402,30.29,30.57,30.29,30.29,15600
MWG,20150401,30.86,30.86,30.01,30.57,16950
MWG,20150331,30.57,30.86,30.29,30.29,19830
MWG,20150330,30.29,31.14,30.29,30.29,22330
MWG,20150327,31.14,31.14,30.29,30.29,32530
MWG,20150326,31.99,31.99,31.14,31.14,21600
MWG,20150325,32.84,32.84,31.70,31.99,11140
MWG,20150324,33.12,33.12,31.70,32.27,30000
MWG,20150323,33.12,33.12,32.27,32.55,21570
MWG,20150320,33.69,33.69,32.84,33.12,17360
MWG,20150319,33.40,33.40,32.83,33.12,13300
MWG,20150318,33.40,33.68,33.12,33.40,860
MWG,20150317,33.69,33.97,33.12,33.40,60710
MWG,20150316,33.96,33.96,33.11,33.12,18510
MWG,20150313,35.10,35.66,33.68,33.68,55520
MWG,20150312,31.99,33.97,31.99,33.68,33340
MWG,20150311,33.12,33.12,31.14,32.27,78590
MWG,20150310,34.25,34.82,33.12,33.12,58060
MWG,20150309,34.82,36.80,34.25,34.82,42500
MWG,20150306,35.39,35.39,34.54,34.82,71020
MWG,20150305,36.51,36.51,35.38,35.67,144100
MWG,20150304,36.51,36.80,35.95,36.51,108250
MWG,20150303,35.66,37.08,35.66,36.23,153750
MWG,20150302,36.80,37.08,35.38,36.23,101370
MWG,20150227,40.47,40.47,37.93,37.93,90050
MWG,20150226,39.91,40.48,39.63,40.19,98800
MWG,20150225,39.62,41.89,39.62,39.91,121560
MWG,20150224,37.37,39.35,37.08,39.34,312160
MWG,20150213,36.80,36.80,36.23,36.80,15410
MWG,20150212,36.52,36.80,36.52,36.80,59110
MWG,20150211,36.23,36.80,35.95,36.80,256600
MWG,20150210,36.23,36.79,36.23,36.23,117430
MWG,20150209,36.23,36.80,36.23,36.51,153370
MWG,20150206,35.67,36.24,35.67,35.95,90910
MWG,20150205,34.82,35.67,34.82,35.67,157180
MWG,20150204,33.69,35.10,33.69,34.82,95510
MWG,20150203,33.69,34.25,33.69,33.97,24450
MWG,20150202,35.10,35.10,33.97,33.97,63650
MWG,20150130,35.38,35.66,34.81,35.10,106070
MWG,20150129,34.53,35.38,34.25,35.38,189640
MWG,20150128,33.68,34.53,33.40,34.53,153520
MWG,20150127,33.40,33.97,33.40,33.68,74430
MWG,20150126,33.97,33.97,33.40,33.40,69470
MWG,20150123,33.40,33.96,33.40,33.97,83030
MWG,20150122,33.97,33.97,33.69,33.68,48110
MWG,20150121,33.97,34.25,33.69,33.97,132190
MWG,20150120,33.40,34.25,33.40,33.97,170300
MWG,20150119,33.40,33.40,32.55,33.40,155000
MWG,20150116,33.97,33.97,32.84,32.83,116950
MWG,20150115,33.96,34.25,33.68,33.97,76470
MWG,20150114,32.27,33.68,32.27,33.68,244240
MWG,20150113,31.14,32.56,31.14,32.55,290500
MWG,20150112,30.57,31.42,30.57,31.14,104230
MWG,20150109,30.01,30.86,30.01,30.85,46170
MWG,20150108,30.28,30.57,30.00,30.29,47040
MWG,20150107,30.29,30.57,30.00,30.00,10590
MWG,20150106,30.57,30.57,30.00,30.57,37970
MWG,20150105,31.13,31.13,30.28,30.57,18030
MWG,20141231,30.57,31.14,30.57,30.85,57150
MWG,20141230,30.00,30.57,29.72,30.57,42760
MWG,20141229,30.00,30.00,29.72,30.00,27440
MWG,20141226,29.72,30.29,29.72,30.00,36810
MWG,20141225,30.00,30.00,29.72,29.72,14960
MWG,20141224,29.44,31.42,29.44,30.85,372830
MWG,20141223,28.87,29.44,28.87,29.44,88810
MWG,20141222,28.87,29.15,28.59,28.87,45070
MWG,20141219,28.02,28.87,28.02,28.87,105970
MWG,20141218,28.03,28.03,27.74,28.02,20140
MWG,20141217,28.31,28.59,28.31,28.31,61200
MWG,20141216,28.59,28.59,28.31,28.31,35520
MWG,20141215,28.17,28.88,28.17,28.31,155470
MWG,20141212,28.16,28.58,28.02,28.31,162660
MWG,20141211,27.17,28.16,27.17,28.16,173360
MWG,20141210,26.60,27.88,26.60,27.88,16940
MWG,20141209,28.16,28.30,28.02,28.02,180930
MWG,20141208,27.74,28.30,27.74,28.16,132160
MWG,20141205,28.31,28.31,27.46,28.16,64980
MWG,20141204,29.15,29.15,28.30,28.31,257870
MWG,20141203,27.18,27.32,27.04,27.31,142170
MWG,20141202,24.06,25.62,24.06,25.62,39090
MWG,20141201,25.19,25.19,23.49,24.06,61960
MWG,20141128,26.04,26.04,25.19,25.19,38090
MWG,20141127,26.04,26.04,25.47,25.76,22250
MWG,20141126,26.60,26.60,25.90,26.04,39470
MWG,20141125,26.89,27.17,26.32,26.32,48550
MWG,20141124,27.32,27.46,26.89,26.89,57490
MWG,20141121,28.02,28.02,27.32,27.74,14000
MWG,20141120,28.02,28.02,27.32,27.74,25260
MWG,20141119,28.02,28.02,27.60,27.74,15200
MWG,20141118,28.31,28.31,28.02,28.02,21310
MWG,20141117,28.59,28.59,28.16,28.59,18180
MWG,20141114,28.59,29.16,28.59,28.87,95160
MWG,20141113,28.59,28.87,28.59,28.59,48060
MWG,20141112,28.59,28.87,28.59,28.59,64490
MWG,20141111,28.59,28.87,28.30,28.87,78920
MWG,20141110,29.15,29.15,28.58,28.87,67980
MWG,20141107,27.46,29.16,27.46,29.15,161420
MWG,20141106,28.03,29.16,27.18,27.46,176730
MWG,20141105,29.15,29.15,28.30,28.31,33320
MWG,20141104,28.30,29.43,28.30,29.15,84960
MWG,20141103,29.72,29.72,28.58,29.15,51330
MWG,20141031,30.29,30.29,29.72,30.00,26930
MWG,20141030,29.72,30.29,29.72,30.29,65350
MWG,20141029,30.28,30.28,29.72,29.72,21320
MWG,20141028,30.57,30.85,30.00,30.00,28140
MWG,20141027,31.14,31.99,30.85,30.85,26890
MWG,20141024,29.72,30.57,29.72,30.57,17040
MWG,20141023,30.29,30.29,29.44,29.72,21100
MWG,20141022,30.85,30.85,30.29,30.29,15150
MWG,20141021,30.57,30.85,30.00,30.57,14260
MWG,20141020,31.42,31.42,30.57,30.57,7760
MWG,20141017,31.14,31.14,30.01,30.85,59410
MWG,20141016,31.71,31.99,30.01,30.29,37680
MWG,20141015,31.70,31.98,31.42,31.99,94190
MWG,20141014,31.98,31.98,31.42,31.70,34880
MWG,20141013,32.55,32.55,31.42,31.70,17150
MWG,20141010,32.84,33.40,32.55,33.12,63600
MWG,20141009,32.84,33.12,32.84,33.12,271340
MWG,20141008,31.15,31.15,30.58,31.14,138900
MWG,20141007,28.97,29.31,28.97,29.14,37960
MWG,20141006,29.31,29.31,28.97,29.14,19250
MWG,20141003,29.14,29.47,28.97,29.14,22400
MWG,20141002,28.14,28.81,28.14,28.64,51070
MWG,20141001,28.14,28.64,28.14,28.31,24590
MWG,20140930,27.47,28.14,27.47,28.14,12510
MWG,20140929,28.31,28.31,27.98,27.97,11420
MWG,20140926,28.31,28.31,27.14,27.81,26080
MWG,20140925,28.31,28.31,26.81,26.81,30100
MWG,20140924,29.64,29.64,28.80,28.81,5790
MWG,20140923,29.97,30.47,28.97,28.97,13620
MWG,20140922,29.14,29.14,27.98,29.14,28590
MWG,20140919,26.14,27.30,26.14,27.31,20120
MWG,20140918,24.98,25.64,24.98,25.64,13030
MWG,20140917,25.64,25.64,24.98,25.31,6430
MWG,20140916,25.14,25.31,24.98,25.31,65900
MWG,20140915,25.14,25.47,25.14,25.31,14500
MWG,20140912,25.31,25.48,24.81,25.14,44670
MWG,20140911,25.14,25.64,24.98,25.31,25860
MWG,20140910,25.48,25.48,24.31,25.31,23640
MWG,20140909,25.80,25.80,24.47,24.81,88810
MWG,20140908,22.97,24.14,22.64,24.14,171700
MWG,20140905,22.15,22.65,22.15,22.64,44760
MWG,20140904,22.31,22.31,21.65,21.98,37750
MWG,20140903,22.65,22.65,22.15,22.48,25120
MWG,20140829,22.81,22.81,21.64,22.48,15750
MWG,20140828,22.81,22.81,22.48,22.81,5070
MWG,20140827,22.98,23.31,22.48,22.81,11450
MWG,20140826,23.98,23.98,22.31,22.31,29880
MWG,20140825,24.15,24.31,23.48,23.98,61190
MWG,20140822,22.48,23.48,22.48,23.48,45860
MWG,20140821,22.81,23.14,22.47,22.48,58570
MWG,20140820,21.81,23.31,21.81,23.14,46550
MWG,20140819,24.14,24.64,23.14,23.14,39150
MWG,20140818,24.31,24.81,23.98,24.81,29910
MWG,20140815,23.31,23.48,22.65,23.48,100130
MWG,20140814,20.65,21.98,20.65,21.98,149800
MWG,20140813,19.82,20.82,19.48,20.65,147010
MWG,20140812,19.15,19.65,19.15,19.65,64140
MWG,20140811,18.99,18.99,18.49,18.98,179250
MWG,20140808,17.65,17.82,17.65,17.82,9190
MWG,20140807,17.82,17.82,17.65,17.82,17250
MWG,20140806,17.32,17.82,17.32,17.82,20800
MWG,20140805,17.32,17.48,17.32,17.32,21340
MWG,20140804,17.15,17.15,17.15,17.15,13350
MWG,20140801,17.48,17.48,16.98,17.15,28290
MWG,20140731,17.48,17.48,16.82,17.15,37400
MWG,20140730,17.82,17.82,17.48,17.65,16160
MWG,20140729,17.98,17.98,17.48,17.65,25300
MWG,20140728,17.98,18.15,17.98,17.98,93810
MWG,20140725,17.98,18.15,17.98,17.98,79630
MWG,20140724,17.98,18.15,17.98,17.98,33590
MWG,20140723,18.32,18.32,17.98,18.15,23330
MWG,20140722,17.32,18.15,17.32,18.15,568890
MWG,20140721,18.82,18.82,16.82,17.65,311030
MWG,20140718,17.65,17.65,17.65,17.65,134460
MWG,20140717,16.56,16.56,16.56,16.57,95120
MWG,20140716,15.49,15.49,15.49,15.48,17290
MWG,20140715,14.49,14.49,14.49,14.49,13480
MWG,20140714,13.49,13.57,13.49,13.57,10660
